ID_GRUPO,TITULO
526402,National Treasure
526403,Poohs Heffalump Movie
526406,Cars
526409,"Princess Diaries 2, The: Royal Engagement"
526422,Pirates of the Caribbean: The Curse of the Black Pearl
526423,"Santa Clause, The"
526424,"Santa Clause 2, The"
526454,Pocahontas
526466,Sky High
526469,Chicken Little
526471,Stick It!
526474,"4th Floor, The"
526477,Nacho Libre
526478,Cansada de besar sapos (Tired of Kissing Frogs)
526482,"Sixth Sense, The"
526483,Saw III
526487,"Simpsons Movie, The"
526493,Transformers
526499,Brother Bear
526500,Under the Tuscan Sun
526514,Unbreakable
526515,National Treasure 2: The Book of Secrets
526516,"Game Plan, The"
526580,"Mutant Chronicles, The"
526586,Everyones Hero (aka Yankee Irving)
526591,Tinker Bell
526597,King Arthur
526602,"Chronicles of Narnia, The: The Lion, the Witch and the Wardrobe"
526604,"Haunted Mansion, The"
526640,Transformers: Revenge of the Fallen
526702,"Devils Tomb, The"
526768,Ice Age
526832,Heavens Fall
526852,Driven to Kill (aka Ruslan)
526859,Greta (aka According to Greta)
526981,"Godfather Part II, The"
527171,Dangerous Minds
527206,"Rescuers, The"
527207,"To Wong Foo, Thanks for Everything, Julie Newmar"
527212,Home on the Range
527218,Treasure Planet
527223,"Tigger Movie, The"
527389,Karaoke - Katy Perry - Fireworks
527392,Karaoke - Sin Bandera - Sirena
527404,Karaoke - Rihanna Feat Drake - Whats my Name
527415,Karaoke - Queen - Bohemian Rhapsody
527417,Karaoke - Bruno Mars - Grenade
527422,Karaoke - Miranda - Don
527424,Karaoke - Bebe - Malo
527472,Beverly Hills Chihuahua 2
527874,Karaoke - AC / DC - Highway to Hell
527875,Karaoke - Aqua - Barbie Girl
527901,"Hills Have Eyes 2, The"
527903,Planet of the Apes (2001)
527904,Robots
527905,Theres Something About Mary
527906,Transporter 2
527907,"Transporter, The"
527909,"X-Files, The: Fight the Future"
527911,X-Men United (X2)
527912,X-Men: The Last Stand
527916,Karaoke - The Beatles - Yesterday
528032,Mulan
528036,Hercules
528038,Santa Clause 3: The Escape Clause
528040,Meet the Robinsons
528043,Wild Hogs
528044,"Princess Diaries, The"
528058,Pirates of the Caribbean: Dead Mans Chest
528107,"Day After Tomorrow, The"
528108,Die Hard
528109,"Happening, The"
528229,Karaoke - Ramones - Merry Christmas
528233,Karaoke - Bruce Springsteen - Santa Claus Is Comin To Town
528255,Karaoke - Luis Miguel - Llegó La Navidad
528272,Winnie the Pooh
528329,Cars 2
528344,Aliens Vs. Predator: Requiem
528353,Night At The Museum
528354,Water For Elephants
528361,Captain America: The First Avenger
528362,Pirates of the Caribbean: On Stranger Tides
528387,Karaoke - Barbra Streisand - Over the Rainbow
528392,Karaoke - Guns N Roses - November Rain
528395,Karaoke - Juan Luis Guerra - Burbujas de Amor
528396,Karaoke - Juan Luis Guerra - Las avispas
528404,Karaoke - The Beatles - Here Comes the Sun
528405,Karaoke - R.E.M. - Losing My Religion
528424,Thor
528427,"Devil Wears Prada, The"
528438,Transformers: Dark of the Moon
528442,Karaoke - Alejandro Sanz - Amiga mía
528521,Alien vs. Predator
528708,Quicksand
528742,Karaoke - Ricardo Montaner - Déjame llorar
528758,"X-Files: I Want to Believe, The (2008)"
528776,"Rock, The"
528781,"Princess of Montpensier, The"
528783,Karaoke - Miguel Bosé - Amante bandido
528832,Hitman
528880,Little Miss Sunshine
529001,Kung Fu Panda 2
529004,X-Men: First Class
529013,Fright Night
529048,Bruce Almighty
529053,Toy Story 2 (1999)
529054,Bolt
529061,Star Trek (2009)
529120,Pretty Woman
529124,27 Dresses
529128,"Family Stone, The"
529129,Field of Dreams
529131,Pearl Harbor
529139,Bridesmaids
529164,Along Came Polly
529165,Lilo & Stitch
529168,"I, Robot"
529342,"Godfather Part III, The"
529450,Karaoke - Alex Ubago - Sin miedo a nada
529526,Karaoke - Paulina Rubio - Ni una sola palabra
529530,Karaoke - Cristian Castro - No podrás
529532,Karaoke - Jennifer López - Una noche más
529533,Karaoke - Linkin Park - Numb
529542,Karaoke - Usher - My Way
529561,Meet Joe Black
529562,Apollo 13
529566,"Horse Whisperer, The"
529577,Karaoke - Oasis - Stand By Me
529582,Karaoke - Alejandro Fernandéz - Sí tú supieras
529600,Evita
529649,Tarzan (1999)
529701,Wall-E
529845,Three Men and a Little Lady
529847,Air Force One
529885,Toy Story 3
529896,Backdraft
529897,Sweet Home Alabama
529940,Out of Africa
529943,Armageddon
529947,Rise of the Planet of the Apes
529948,Mr. Poppers Penguins
529982,Tea with Mussolini
529985,Notting Hill
530005,Possession (aka Addicted)
530017,"Zurdo, El"
530047,Bean
530050,"Day the Earth Stood Still, The"
530076,Fear and Loathing in Las Vegas
530089,Real Steel
530101,Space Buddies
530220,"segundo aire, El"
530225,Glee: The Concert Movie
530240,"Monsters, Inc."
530244,One True Thing
530417,Raising Helen
530423,Saw IV
530465,X-Men Origins: Wolverine
530509,Ray
530537,"Fast and the Furious, The"
530557,"Change-Up, The"
530601,All About Steve
530611,"Last King Of Scotland, The (2006)"
530619,Tower Heist
530621,Nanny McPhee
530623,Evan Almighty
530624,"Break-Up, The"
530819,Mr. Beans Holiday
530856,Pirates of the Caribbean: At Worlds End
530864,Coyote Ugly
530868,Anastasia
530875,Australia
530885,Whats Your Number?
530886,2 Fast 2 Furious
530888,In Time (2011)
530889,Diary of a Wimpy Kid: Rodrick Rules
530922,In the Name of the Father
530934,War Horse
531124,Baby Mama
531132,Employee of the Month
531156,Sea of Love
531193,Speed
531198,Runaway Bride
531204,Saw
531214,Ratatouille
531233,Green Street Hooligans
531251,Die Hard 4 (Live Free Or Die Hard)
531255,"Muppets, The (aka The Greatest Muppets Movie Ever Made)"
531265,Patch Adams
531282,Father of the Bride Part II
531290,Crazy Heart
531296,8 Mile
531314,Ladder 49
531318,Moulin Rouge
531324,Wild Target
531343,Karaoke - Café Tacuba - Volver a comenzar
531346,Karaoke - El Canto Del Loco - Besos
531349,Karaoke - Lady GaGa - Just Dance
531350,Karaoke - Keane - Somewhere Only We Know
531355,Karaoke - Muse - Uprising
531356,Karaoke - Ricardo Arjona - Santo pecado
531362,Karaoke - The Rolling Stones - Angie
531418,Karaoke - Julieta Venegas - Eres Para Mí
531648,Karaoke - Dread Mar I - Tu Sin Mi
531701,Karaoke - The Police - Roxanne
531714,New Alcatraz (aka Boa)
531737,Karaoke - Aventura - Dile Al Amor
531750,Toy Story
531751,Enchanted
531753,Deja Vu
531767,Brother Bear 2
531772,Ice Age: Dawn of the Dinosaurs
531774,"Fast and the Furious: Tokyo Drift, The"
531775,League of Extraordinary Gentlemen. The
531777,"Help, The (2011)"
531781,Treasure Buddies
531819,Gone in 60 Seconds
531960,Karaoke - Don Omar - Ayer La Vi
531963,Karaoke - Juan Magan - Verano Azul
532011,Underdog
532012,Karaoke - Camila - Aléjate de Mi
532067,Dragonfly
532090,This Means War
532128,"Mummy, The"
532163,Karaoke - Pablo Alborán - Solamente Tú
532204,Goal II Living the Dream
532292,Hellboy II: The Golden Army
532366,Deep Shock
532411,Alvin and The Chipmunks: Chipwrecked
532415,Atlantis: The Lost Empire
532418,Dragonheart
532420,John Carter
532422,Herbie Fully Loaded
532431,G.I. Jane
532486,"Sitter, The"
532492,Dr. Seuss Horton Hears A Who
532500,D2: The Mighty Ducks
532510,"Nutty Professor, The (1996)"
532632,Karaoke - Camila - Bésame
532755,We Bought a Zoo
532758,Homeward Bound II Lost In San Francisco
532802,Con Air
532803,"Scorpion King, The"
532804,"Mummy, The: Tomb of the Dragon Emperor"
532817,Karaoke - Lady Gaga - Judas
532819,Karaoke - Rakim y Ken-Y - Te Regalo Amores
532820,Karaoke - Tito El Bambino - Baila Sexy
532884,Karaoke - Bruno Mars - Just The Way You Are
532914,Amores Perros
532917,Asesino en serio
532975,Por la libre
533000,Todo el poder
533111,Percy Jackson & the Olympians: The Lightning Thief (2010)
533121,Sister Act II: Back In The Habit
533155,American Wedding (aka American Pie: The Wedding)
533166,Amar te duele (aka. Romance en la Plaza)
533182,Elizabeth
533208,"Darkest Hour, The"
533225,Chronicle
533226,American Pie 2
533256,American Reunion
533260,Curious George
533305,Bad Ass
533306,"Descendants, The"
533315,"Mummy Returns, The"
533645,Dr. Seuss The Lorax
533649,Titanic (1997)
533812,Iron Man 2
533824,Atlético San Pancho
533885,"Fourth Angel, The"
533937,Karaoke - Christina Aguilera - The Voice Within
533943,Miss Bala
533945,Karaoke - Dyland & Lenny - Pégate Más
533995,Kingdom of Heaven
534032,Karaoke - La Factoria - Hay Otro En Mi Vida
534092,Pitch Black
534415,Hannibal
534458,Lost Voyage
534600,Shark Night
534633,Karaoke - Jason Mraz - Lucky
534666,"Bourne Ultimatum, The"
534683,"Artist, The (2011)"
534773,Prometheus
534822,Bring It On: In It to Win It
534823,"Hunger Games, The"
534855,Bridge Of Dragons
534979,"Hulk, The"
534986,Atonement
535108,"Avengers, The"
535141,Sister Act
535250,Spooky Buddies
535257,Karaoke - Adele - Someone Like You
535258,Karaoke - Luis Miguel - La Incondicional
535280,Beverly Hills Chihuahua 3: Viva la Fiesta!
535281,"Incredible Hulk, The (08)"
535282,Alien Resurrection
535344,Madagascar (DWA)
535583,Shrek (DWA)
535604,"Godfather, The"
535656,"Black Dahlia, The"
535663,United 93
535693,X-Men
535695,Battleship
535696,Shame
535701,"Wedding Party, The"
535930,Iron Man
536064,"Kings Speech, The"
536284,Santa Paws 2: The Santa Pups
536425,360
536492,Ice Age: Continental Drift
536520,Mary Poppins
536636,"Ghost Writer, The"
536650,Shrek 2 (DWA)
536652,War of the Worlds (2005)
536902,Mean Girls (2004)
536963,Chernobyl Diaries
536981,White Fang 2: Myth of the White Wolf
537020,Brave
537033,George of the Jungle
537038,"Best Exotic Marigold Hotel, The"
537089,King Kong (05)
537101,Boys Dont Cry
537125,Night at the Museum: Battle of the Smithsonian
537127,Biutiful
537594,Lilo & Stitch II: Stitch has a Glitch
537597,Scarface (1983)
537747,Twins
537749,Dantes Peak
537761,"Money Pit, The"
537768,Happy Gilmore
537840,"Unbearable Lightness of Being, The"
537849,"Wrestler, The"
537904,Henry V
537927,Defiance
537930,Back to the Future II
537931,Forrest Gump
537933,Honey (03)
537943,Amadeus
538008,"Spongebob Squarepants Movie, The"
538030,Top Gun
538047,Babe (1995)
538086,Camino
538124,"Bourne Supremacy, The"
538137,Sixteen Candles
538250,"Children of Men, The"
538265,Rear Window
538323,"Aristocats, The"
538340,American Gangster
538380,"Hills Have Eyes, The (2006)"
538480,"Sound of Music, The"
538600,Seabiscuit
538604,Miracle
538611,From Paris with Love
538702,Assault on Precinct 13 (05)
538760,Mamma Mia!
538854,Coraline
538860,Twelve Monkeys
539181,ParaNorman
539183,Jarhead
539186,"Constant Gardener, The"
539234,Taken 2
539235,Adventures of a Teenage Dragonslayer
539563,Facing Ali
539565,Angel-A
539566,I Now Pronounce You Chuck and Larry
539625,Ruby Sparks
539626,Back to the Future III
539642,Savages
539742,Problem Child 2
539747,"Crazies, The"
539761,Funny People
539804,Pride and Prejudice
539816,Revolver (2005)
539922,Rio
540141,Life of Pi
540180,Jaws
540241,White Fang
540268,Xanadu
540269,Beverly Hills Chihuahua
540380,"Libertine, The"
540384,Moonrise Kingdom
540386,Ted
540390,Paranormal Activity 4
540406,Its a Boy Girl Thing
540412,Karaoke - Bruno & Marrone - Ja Nao Sei Mais Nada
540457,Quadrophenia
540473,Then She Found me
540474,Visioneers
540522,"Day of the Jackal, The"
540542,"Proposal, The"
540562,Tooth Fairy
540564,"Emperors New Groove, The"
540567,Confessions of a Teenage Drama Queen
540676,"Last Temptation of Christ, The"
540688,Keep Your Distance
540689,"Land Before Time, The"
540709,Blackout (2008)
540710,"Birds, The"
540716,In Bruges
540858,"Other Boleyn Girl, The"
540945,He Was a Quiet Man
540946,Changeling
541014,Karaoke - Alexis & Fido - Contestame El Teléfono
541043,Karaoke - Elvis Costello - She
541045,Karaoke - Plan B - Si No Le Contesto
541057,How to Train Your Dragon
541060,Karaoke - Ricky Martin - Te Vas
541066,Karaoke - Luz Casal - Un año de amor
541102,Gray matters
541142,Delivering Milo
541330,Karaoke - The Beatles - All You Need Is Love
541343,Karaoke - Juan Magan - Bailando Por Ahí
541344,Karaoke - Joaquín Sabina - Y sin embargo
541484,"Strangers, The"
541540,Frankenweenie
541606,Karaoke - Michael Jackson - Bad
541607,Karaoke - Michael Jackson - Billie Jean
541610,Karaoke - Soda Stereo - Signos
541623,"Princess and the Frog, The"
541702,Monty Pythons Meaning of Life
541761,Beneath the Planet of the Apes (1970)
541861,"Five-Year Engagement, The"
541882,"Parent Trap, The (1998)"
541901,Cruel Intentions (1999)
542014,"Admiral, The (aka Isoroku Yamamoto)"
542104,Up
542211,"Bone Collector, The"
542289,Seven Pounds
542325,3:10 To Yuma
542336,"Tale of Despereaux, The"
542485,Inglourious Basterds
542521,Rango
542630,Karaoke - Enrique Iglesias - Dirty Dancer
542650,Karaoke - Snoop Dogg - Sweat
542840,Hotel Transylvania
542851,Cloudy With a Chance of Meatballs
542874,Closer
542941,"Hijo del Santo y Chanoc contra los vampiros asesinos, El"
543014,"Callejón de los cocolazos, El"
543026,Fun with Dick and Jane
543028,Ghostbusters
543040,"máscara de carne, La"
543043,Chantaje al desnudo
543044,Casa de muñecas
543047,"esquina de mi barrio, La"
543050,Rutilo el forastero
543052,Placeres divertidos
543053,"charro negro en el norte, El"
543055,"agricultor, El"
543062,Secreto profesional
543063,Arrabalera
543068,Burlesque
543069,María guerrillera
543072,"Vuelta del Charro Negro, La"
543075,Amor de locura
543076,Échenme al vampiro
543174,"sucursal de la muerte, La"
543261,Larry Crowne
543280,Wreck-It Ralph
543300,Celeste and Jesse Forever
543308,"Odd Life of Timothy Green, The"
543315,"Taxista querendón, El"
543316,Fin de semana trágico
543318,Juan el enterrador
543342,Jóvenes perversos
543369,"Adventures of Sharkboy And Lavagirl, The"
543383,Los hijos de rancho grande
543406,Juntos pero no revueltos
543407,Konga Roja
543420,"Esqueleto de la señora Morales, El"
543421,"Hijo de Ángela María, El"
543422,"Hijo del Charro Negro, El"
543494,Look Whos Talking (1989)
543495,Love and Other Impossible Pursuits (aka The Other Woman)
543504,Dr. Strangelove Or: How I Learned To Stop Worrying And Love The Bomb
543509,"Hotel New Hampshire, The"
543512,Tootsie
543514,"Sweetest Thing, The"
543540,Alias El Alacrán
543541,Arrullo de Dios
543560,Falsos militares
543586,Diez horas para morir
543588,"mariachi narcotraficante, El"
543601,To Rome With Love
543604,24 horas para desaparecer un cadáver (Aka Cómo desaparecer un cadáver en 24 hora
543605,"caballo blanco, El"
543607,Por perra y traicionera
543642,Being Flynn (aka Welcome to Suck City)
543643,"Skeleton Key, The (05)"
543644,Cocktail
543647,"Exorcism of Emily Rose, The"
543648,Sniper: Reloaded
543649,"Taking of Pelham 1 2 3, The"
543653,"Man Without a Face, The"
543656,Te sigo esperando
543657,Tiempos de sangre
543659,Una mujer sin amor
543661,Date Night
543665,2012
543673,Year One
543680,Yo maté a Juan Charrasqueado
543785,Escape from the Planet of the Apes (1971)
543901,Vengador callejero
543920,Cacería mortal
543921,¿A qué te sabe la muerte? El pozolero
543922,"fantasma de la coca, El"
543999,Hamlet
544080,"Karaoke - Michel Teló - Ei, psiu! Beijo me Liga"
544121,Ni un hombre más
544420,Pitch Perfect
544438,"Hit List, The (2011)"
544445,Look Whos Talking Now! (1993)
544447,Operation: Endgame
544901,Cárcel de mujeres
544946,Karaoke - The Corrs Con Alejandro Sanz - Una Noche
545060,Videodrome
545082,Year of The Gun
545180,"Master, The"
545402,Wanted (2008)
545409,District 9
545417,"A-Team, The"
545425,Jaws: The Revenge
545435,"Lizzie Mcguire Movie, The (Aka Ciao! Lizzie)"
545440,Look Whos Talking Too (1990)
545462,Conquest of the Planet of the Apes
545463,Unstoppable (2010)
545740,Stand Up Guys
545961,"media luz los tres, A"
546040,Les Miserables (2012)
546060,Django Unchained
546100,Fast & Furious
546400,Here Comes the Boom
546426,Parker
546443,Olympus Has Fallen (aka White House Taken)
546444,Quartet
546461,"Dinosaur Project, The"
547120,Alex Cross
547260,Battle for the Planet of the Apes
547319,Michael Jacksons This is it
547340,"Chronicles of Narnia, The: Prince Caspian"
547440,Peter Pan
547471,Nine
547488,Spill (A.K.A. Virus)
547502,Harleys Hill
547553,Bedtime Stories
547595,Monsters Vs. Aliens
547598,"Education, An"
547680,Immortal Beloved
547742,Daddy Day Care
547799,Hocus Pocus
547825,Mr. Deeds
547847,Bandidos de México
547892,Karaoke - Adele - Rolling In The Deep
547918,Karaoke - Bruno Mars - Dont Give Up
547929,Garfield
547960,Hostel (2006)
547994,"Book of Eli, The"
548026,Sugar Hill
548161,Charade (1963)
548163,Its Complicated
548182,"Serious Man, A"
548240,Kung Fu Panda
548403,High School Musical 2
548500,Planet of the Apes  (1968)
548600,"Piel que habito, La"
548780,"Chronicles of Narnia, The: The Voyage of The Dawn Treader"
549200,Blue Streak
549401,Convento de Pervertidas
549420,Somos Tão Jovens
549461,Inside Job
549541,Más vale vivir cinco años como rey que cincuenta como güey
549560,Anna and the King
549585,Stealth
549601,Because of Winn-Dixie
549604,From Hell
549680,Ever After: A Cinderella Story
549700,Stoker
549761,Dodgeball: A True Underdog Story
549802,Flight of the Phoenix
550011,"Conde de Montecristo, El"
550062,Cheaper by the Dozen 2 (2005)
550142,Pineapple Express
550292,¡Jalisco nunca pierde!
550380,All the Pretty Horses
550406,Sleeping with the Enemy
550961,Ya te cargó el payaso
551340,Epic
551420,Oz the Great and Powerful
551522,Karaoke - Madonna Feat. Nicki Minaj & M.I.A - Give Me All Your Luvin
551580,Karaoke - Maná - De pies a cabeza
551700,"Sons of Buena Vista, The"
551921,Negro es mi color
551940,Resident Evil
551960,"santísima muerte, La"
551961,Traficando con la blanca
552119,Rust and Bone (aka De rouille et dos)
552191,"Back-Up Plan, The (2010)"
552205,"prisión del tiempo, La"
552211,"Guns of Navarone, The"
552212,Suddenly
552251,"Chase, The"
552308,Evil Dead (2013)
552314,Annie: A Royal Adventure
552359,Titanic (1953)
552362,Guardianes de la justicia
552371,Commando
552406,Sherlock Holmes and the Secret Weapon
552408,Chin-chin la migra
552460,"Last Time I Saw Paris, The"
552461,Detour
552525,División narcóticos
552607,"Walk in the Clouds, A"
552702,"Medallion, The"
552709,Bram Stokers Dracula
552745,Dear John (2010)
552746,Freedomland
552920,Deadly Crossing
553022,Solaris
553400,BIngo
553520,Dance With Me
553543,White Zombie
553688,Kansas City Confidential
553740,Fast and Furious 6
553761,Identity Thief
553781,"Woman In Black, The"
553821,Walzes from Vienna (Aka Strauss Great Waltz)
554000,Jamaica Inn
554202,House on Haunted Hill (1959)
554222,"Hunt For Eagle One, The"
554241,Hunt For Eagle One: Crash Point
554260,"Brujas, narcos y judas"
554620,Step Up Revolution (AKA Step Up 4 Miami Heat)
554640,Stranger Than Fiction
554661,"Pitazo, El"
555240,"Phantom Planet, The"
555360,Yonkers Joe
556080,"máscara roja, La"
556101,"Venganza del Charro Negro, La"
556120,"última lucha, La"
556121,Los descabezados
556180,Gold
557136,Karaoke - Britney Spears - Womanizer
557167,Vertigo
557180,Karaoke - Enrique Iglesias y Juan Luis Guerra - Cuando me enamoro
557420,Karaoke - Bad Meets Evil feat. Bruno Mars - Lighters
557560,"Amore, piombo e furore (Aka China 9, Liberty 37)"
557561,"Driller Killer, The"
557570,Rescue from Gilligans Island
557571,Rocketship X-M
557720,Karaoke - Ace of Base - All That She Wants
557821,"Wolfman, The"
559500,Missing
559820,Karaoke - Don Omar - Zumba
560080,Karaoke - Ricky Martin - Livin la vida loca
560781,Leap Year
560945,Jumanji (1995)
561120,Atracción Mortal
561200,Revancha salvaje
561220,Dragon: The Bruce Lee Story
561403,Karaoke - Los Rancheros - Casualidad
561520,Karaoke - Don Omar Feat. Lucenzo - Danza Kuduro
561700,Karaoke - Beyonce - Halo
561900,Iron Man 3
561920,World War Z
561960,"Resident, The (2011)"
562040,Superbad
562262,"Amantes pasajeros, Los (aka Im So Excited)"
562362,Black Swan
562371,Van Helsing
562423,Donnie Darko
562456,Rookie of the Year
562649,Rabbit Hole
562653,Prey
562702,Midnight in Paris
562760,Cheaper by the Dozen (2003)
562785,Cause of Death
562801,"Escape de Hitler, El"
562840,Bounty Hunters 2 (AKA Hard Ball)
562884,"Edge, The"
562962,"Crucible, The"
563088,Afterglow
563320,Home Team
563440,Quarantine 2: Terminal
563459,Love on the Side
563560,Christmas is Here Again
565480,"Flintstones, The"
565481,Midnight Run
565765,"Search for Santa Paws, The"
565767,"Smurfs 2, The"
565901,After Earth
565944,"Incredibles, The"
565946,Like Mike
565960,"Wolverine, The"
566080,Despicable Me 2
566134,Edward Scissorhands (1990)
567193,"Secret of My Success, The"
567396,Terror by Night
567397,"Woman in Green, The"
567440,Casino
567645,Grown Ups 2
567760,Karaoke - Gloria Estefan - Cómo me duele perderte
568301,Big
569037,"Lone Ranger, The"
569281,Big Fish
569301,28 Days
569647,Before Midnight
570079,White House Down
570227,Gothika
570230,La Ciociara (Aka Two Women)
570475,Karaoke - Aerosmith - What Could Have Been Love
570481,Karaoke - Alejandro Sanz - No me compares
570524,Karaoke - Aerosmith - Dream On
570551,Gangs of New York
570586,Pain & Gain
570800,Spider-Man (2002)
570807,"Deep Blue Sea, The"
570843,Percy Jackson: Sea of Monsters
570844,Elysium
570861,"Heat, The"
570904,"Knights Tale, A"
570941,Dr. Seuss How the Grinch Stole Christmas
571061,Song For Marion (aka Unfinished Song)
571142,Johnson Family Vacation
571300,"Mortal Instruments, The: City of Bones"
571541,Karaoke - Arcángel - Me prefieres a mi
571720,Homeboy
572821,13 Ghosts (aka Thir13en Ghosts) (2001)
573300,Karaoke - Axel - Te voy a amar
573302,Open Season (2006)
573304,"Mask of Zorro, The"
573310,Predators
573313,Karaoke - Thalia - Que Será De Ti
573320,Karaoke - Jennifer Lopez - Papi
573321,"FIFA 2006 World Cup Film, The: The Grand Finale"
573343,Hitch (2005)
573344,Karaoke - Rosana - Si tú no estás aquí
573360,Stuart Little
573484,Karaoke - Glee - Baby One More Time
573530,In the Name of the King
573720,Finding Nemo
573820,Monsters University
574023,Digging to China
574025,Croupier
574051,Grease
574321,Cookies Fortune
574540,Butterfly on a Wheel
574610,Trainspotting
575119,Dorian (aka Pact with the Devil)
575228,Wall Street: Money Never Sleeps
575230,127 Hours
575277,Shallow Grave
575279,American Yakuza
575430,Cloudy With a Chance of Meatballs 2
575440,Bullfighter
575481,Hyde Park on Hudson
575489,Half Baked
575940,Thick As Thieves
576260,"Hungover Games, The"
576264,R.I.P.D. Rest in Peace Department
576444,3096 Days
576820,Kick-Ass 2
577260,"40 Year-Old Virgin, The"
577742,Gambit
577761,Dragon Ball Z: Battle of Gods
578082,500 Days of Summer
578102,Anna Nicole
578211,This Is the End
578320,Adam
578433,Public Enemies
578506,Karaoke - Eddie Vedder - No Ceiling
578509,Karaoke - Ewan McGregor and Nicole Kidman - Come What May
578524,Karaoke - Ed Helms - Stus Song
578548,Captain Phillips
578568,Insidious: Chapter 2
580101,"American Tail, An"
581002,Domingo trágico
581003,Drop Dead Fred
581041,Dracula (1979)
581620,Despicable Me
582322,Trooper and the Legend of the Golden Key
582661,Chiflando en la loma
582664,Corazón de niño
582665,Cuando México canta
582666,Cuatro copas
583492,Cuestión de fe
583519,Far and Away
583748,"Colony, The"
583863,"Fifth Estate, The"
583866,Thor: The Dark World
584307,"tesoro de las brujas, El"
584627,preso de zacatecas (Aka presidiario)
584641,"monstruo resucitado, El (Dr. Crimen)"
584662,"Bronco Reynosa, El"
584663,"pozo, El"
584700,Enders Game
585203,"jinete negro, El"
585240,"homicida, El"
585360,Born on the Fourth of July
585386,Scott Pilgrim Vs. The World
585540,"Secret Life of Walter Mitty, The"
585684,"emboscada mortal, La"
585740,"último narco del Cártel de Juárez, El"
585770,Mataron a Camelia la Texana
585820,Cacería Mortal (Venganza Silenciosa)
585880,Walking with Dinosaurs (2013)
586623,Back to the Future
586862,"Teresa: El cuerpo de Cristo (aka. Theresa, The Body of Christ)"
587181,Shark Tale (Dwa)
587396,Metegol (aka Foosball)
587460,Justin Biebers Believe
587713,"Social Network, The"
588100,"Sorcerers Apprentice, The"
588335,"Monster High: Frights, Camera, Action!"
588522,"Wolf of Wall Street, The"
588781,Karaoke - Café Tacuba - Ingrata
588820,Karaoke - Farruko Feat. Daddy Yankee - Pa romper la discoteca
588821,Karaoke - J Alvarez - La Pregunta
588900,American Hustle
589400,Autor3s
590768,"licenciada blindada, La"
590858,"Green Hornet, The"
590982,Hancock
591201,"justiciero vengador, El"
591244,En viernes no he de morir
591261,Just Go With It
591281,Invincible (2001) - Herzog
591282,"bruja, La"
591540,Charlie St. Cloud
591562,"casa de los espantos, La"
591602,"mafia del crimen, La"
591620,Juan sin miedo
591720,Flushed Away
591801,"dama más peligrosa, La"
591803,"Single Man, A"
591806,Bend It Like Beckham
591809,"gitana blanca, La"
591811,"Chateau Meroux, The"
591829,Den of Lions
591830,Detention (2003)
591832,"escondida, La"
591865,Angels & Demons
591920,Airport 77
591940,Zombieland
592226,"Serpent and the Rainbow, The"
592240,"hija del panadero, La"
593230,Karaoke - Kenny Loggins - Footloose
593440,Penthouse North (aka Blindsided)
593575,Mujer desnuda
593609,An American Affair
593685,"Karate Kid, The (2010)"
594043,"Damned United, The"
594063,"verdadera historia de la llorona, La"
594141,Tangled (2010)
594323,Her
594324,"verdadera historia del señor de los cielos, La"
594326,Nebraska
594327,Ladrón de cadáveres
594565,"solterones, Los"
595159,"Mi niño, mi caballo y yo"
595224,Pure Luck
595270,Whats Eating Gilbert Grape?
595328,Where the Heart Is
595501,Easy A
595683,Source Code
596041,Modisto de señoras
596060,Eat Pray Love
596604,Saving Mr. Banks
596668,Lone Survivor
596881,"Hobbit, The: The Desolation of Smaug"
596943,12 Years a Slave
597047,Misterios de la magia negra
597146,Pasión oculta
597160,Noche de perdición
597200,"Regreso del monstruo, El"
597220,300: Rise of an Empire
597419,Tinieblas
597440,Calibre mortal
597443,"Sexo, pudor y drogas"
597460,Rio 2
597667,Karaoke - The Beatles - Something
597722,Karaoke - Jesse y Joy - Chocolate
598035,Asesino a sueldo (Aka Precio a su cabeza)
598105,Apasionada
598184,Me lleva la tristeza
598185,Que seas feliz
598187,"rancho de la discordia, El"
598224,"Cristeros, Los (Aka Sucedió en Jalisco)"
598241,"rayo justiciero, El"
598349,Tijuana ciudad de narcos
598367,Museo del terror (Aka Terror en el museo)
598368,"Te pusieron dedo, compa Arellano"
598593,"gavilán vengador, El"
598700,Pistolas de oro
598774,"pueblo del terror, El"
598983,Alguien tiene que morir
599126,Dios nos manda vivir
599183,"chicano vengador, El"
599246,Perezosos en Peligro
599542,"huella del chacal, La"
599549,Político por error
599582,"pantera negra, La"
599600,"Padrecito, El"
600241,"justicia del gavilán vengador, La"
600423,Papá nos quita las novias
600426,"sierra del terror, La"
600601,"Analfabeto, El"
600616,"Siete machos, El"
600662,Batteries Not Included
600692,"Volar joven, A"
600704,9 (Nine)
600721,Soy Un Prófugo
600841,Bad Teacher
600860,Hanna (2011)
600864,Charlies Angels: Full Throttle
600920,Enterrados Vivos: Mineros en Chile
600982,Alvin and the Chipmunks: The Squeakquel
601001,Alice in Wonderland
601181,Zoolander
601200,All Is Lost
601380,"Hunchback of Notre Dame, The (Animated) (1996)"
601440,Tarzan 2
601805,"Ministro y yo, El"
601977,180 Segundos
601980,Cuando se quiere se quiere
602214,Días de furia
602216,Acosado
602255,Brief Interviews With Hideous Men
602309,Hombres de honor
602310,"huella del olvido, La"
602317,"lancheras del amor, Las"
602910,"Grey Zone, The"
603511,Shadrach
603593,"Congress, The"
603646,"Other Woman, The"
603797,Jerry Maguire (1996)
604118,Foreign Exchange
604826,"Bolero de Raquel, El"
604877,G-Force
604891,Finding the Lost Da Vinci
604898,Gods Not Dead
604899,20 Animals That Will Kill You
604968,Hidden Agenda (2001)
605007,Mandela: Long Walk To Freedom
605076,Witness to a Kill (Aka Diamond Cut Diamond)
605124,Sharks in the City
605153,Un macho y sus puchachas
605162,Shark Attack Experiment
605253,"movidas de Lencho, Las"
605493,Megafactories: Extreme Roller Coaster
605504,Amores de la calle
605515,Megafactories: Boeing 747
605912,"Asesinos, Los"
605971,Apañaron a Camelia
605972,Bandidos
606826,"Amarillista, El"
606847,Bill Gritón Vs. Mónica del Whisky
606849,Buscando la muerte
606868,Carreras de muerte
606887,Cabezas rapadas 3
606966,Cabezas rapadas 2
606968,Cuervo el destructor
606969,"Dama de la muerte, La"
606970,Cuna de narcos Aka Los niños de la Sierra
606988,Carrera perdida
606990,Despedida de soltero
607032,Exxcesos
607049,"Dos fregones, Los"
607053,Entre la fe y la muerte
607066,Corazones rotos
607086,Destino Traidor
607126,Fosas Clandestinas
607306,"Amazing Spider-Man 2, The"
607326,"Pursuit of Happyness, The (2006)"
607426,"día de mi muerte, El"
607486,"Art of the Steal, The"
607490,Hasta la última gota
607491,Historia de sangre
607492,"7 muertas, Las"
607529,Golpes del destino
607530,Guerra de narcos (Los Gallardo vs los Arellano)
607547,"Clon de Hitler, El"
607549,"francesa, La"
607557,María Navajas
607558,"salvaje ardiente, La"
607562,No desearás la mujer de tu hermano
607563,Otra vez de veinte
607567,"herrero, El"
607573,"leyenda del caballo negro, La"
607586,Malandro
607627,Maten a los Mendoza
608028,"gandalla de Saltillo, El"
608048,"Rey de la Mota, El"
608049,"reflejo del espejo, El"
608051,Rumbo de sangre
608055,"Corrido de la riata de Michoacán, El"
608068,Safari
608070,Sanguinolienta venganza
608126,"Sheriff de Valle Verde, El"
608148,Tierra extraña
608187,Un mexicano mojado
608206,Me anda buscando la ley por traficante de drogas
608226,Un Día a la Vez
608246,Una lección de vida
608247,"Norte es la muerte, El"
608267,Monjas narcotraficantes
608286,Pa que te acuerdes de mí maldita
608306,"pájaro nalgón, El"
608307,Prostitución y Sida
608327,"número 1, El"
608329,Voces de la montaña
608387,Juana la alacrana
608409,Un viaje al infierno
608427,Diez segundos antes de morir
608428,Terminator Salvation
608526,Boda Fatal
608547,Si mataras
608566,Fiesta privada
608728,Vuelven los mecánicos ardientes
608767,"Vencí a la anorexia panza, cachete y nana"
608787,Una vieja de pocas pulgas
608829,Luces de Nueva York Nigth Club
608946,Traficante sin ley
609207,Sangre de perros
609286,"Amazing Spider-Man, The (2012)"
609387,No tengo miedo seguir
609390,Contrabando en el Chile
609391,Si desearas a la mujer de tu narco
609393,Darketos
609400,Bella entre las flores
609486,Huida al infierno
609527,"Perro de Michoacan, El"
609550,"Monje Asesino, El"
609552,Hierro al rojo vivo
609554,Vidas perdidas
609557,Recuerdos de muerte
609560,Vuelven los albañiles
609687,Rojo Amanecer
609707,Herencia de narcos
609726,"venganza del mojado, La"
609766,In The Line Of Fire
609787,Tragedia y muerte
609992,Tierra de escorpiones
610011,"Quinto mandamiento, El"
610206,"Morro, El"
610287,Sabuesos
610307,"Infernal, El"
610427,No matarás
610507,"rubia y la morena, La"
610626,"mandados, Los"
610747,"Regreso, El"
610946,"zorra millonaria, La"
611209,Cárcel de mujeres (2001)
611221,"Texana 100 X Parte VI, La"
611230,Secta satánica
611231,Te mataré aunque esté muerto
611326,"amigos maravilla, Los"
611346,Salt
611347,Spider-Man 2 (2004)
611429,Spider-Man 3 (2007)
611466,Amar fue su pecado
611507,Sangre de perros (2005)
611926,"narcos de Chihuahua, Los"
612126,Y tu mamá también es narca
612146,Godzilla (2014)
612246,Una pasión me domina
612266,Camino a la muerte
612306,Cazador de narcos
612307,"correcaminos , El"
613114,Un fin de semana de locos
613247,Qué bonito es querer
613267,Viva la risa 2
613347,"Grand Budapest Hotel, The"
613388,Inside The X-Files
613467,Havoc
613553,Hook
614426,Anywhere But Here
614530,French Film (2008)
614714,Lionheart
615006,"Botas de Avestruz, El"
615290,50 First Dates (2004)
615371,My Year Without Sex (2009)
615886,Karaoke - Miranda - Lo que siento por ti
615928,Ride Along
615968,Mean Guns
616086,"High School Musical, O Desafio (Brazil Version)"
616410,Step Brothers
617186,Nada es para siempre
617187,Ahogado el niño se tapa el pozo
617206,Una mala jugada
617246,Pistoleros de Río Bravo
617626,"Fault in Our Stars, The"
617635,Grown Ups (2010)
617663,Shuffle (2011)
617872,Under the Skin (2013)
617873,Bewitched (2005)
617920,Charlies Angels (2000)
618006,Tristram Shandy: A Cock and Bull Story
618288,"personajes de Matilde, Los"
618368,Almas Milagrosas
618386,Friends with Benefits (2011)
618389,"Angriest Man in Brooklyn, The"
618523,Click (2006)
618526,Camarofobia
618739,Almas Milagrosas - Santos Latinoamericanos
618767,"banda del Plebe, La"
618907,X-Men: Days of Future Past
619290,That Evening Sun
619482,Blended
619927,À Deriva (aka Adrift)
620050,"Ciego, cojo y loco"
620393,Volví a caer de mi nube
620426,Sunlight Jr.
620447,"Che, Part One"
620523,"Che, Part Two"
620569,Everybody Wants To Be Italian
620862,Fever Pitch
621672,Two Lovers
621718,"Edge of Tomorrow: Live, Die, Repeat"
621720,"Martha, Meet Frank, Daniel And Laurence (Aka The Very Thought Of You)"
621892,Mr. Jealousy
622008,"herencia del ranchero, La"
622176,Héroes verdaderos
622209,Matilda (1996)
622210,Paul Blart: Mall Cop
622228,Secretariat
622247,Khumba
622252,Talladega Nights: The Ballad of Ricky Bobby (2006)
623297,Captain America: The Winter Soldier
623308,Bears
623333,"Unborn, The"
623422,Men in Black II
623425,Nico the Unicorn
623430,Men in Black
623433,Owd Bob
623437,"Tourist, The (2010)"
623443,"Lucky Dragon, The"
623444,"mano de fierro, El"
623448,Black Eagle
623455,"Woodlanders, The"
623467,Welcome To Sarajevo
623513,"Perfect Age Of Rock n Roll, The"
623516,Priest (2011)
623517,"Adjustment Bureau, The"
623523,"Bella y el Bestia, La"
623528,Psycho (1960)
623556,Malditos imperdonables
623691,"Last House on the Left, The"
623767,"Haunted House 2, A"
623906,Aquí está Eraclio Bernal
623949,Por tu ingrato amor
623972,"cártel de Tepito, El"
624006,Maleficent
624066,Más lágrimas en mi barrio
624067,Mentes criminales
624107,"muerte del judicial, La"
624186,Ghost Rider (2007)
624206,Acuérdate de vivir
624226,Traición con traición se paga
624266,"Long Way Down, A"
624326,Oculus
624346,Mi fantasma y yo
624406,Heaven is for Real
624455,"Blue Lagoon, The"
624456,"Thin Red Line, The (1998)"
624526,Sniper: Legacy (aka Sniper 5)
624586,"Rey del secuestro, El"
624746,Estados catatónicos
625506,Patrón de patrones
626967,"halcón sangriento, El"
626988,Desperado
627054,"Texana 100 X Parte II, La"
627226,"Da Vinci Code, The"
627237,Puños de un chicano
627304,"mesera colombiana, La"
627326,"Se me arrugó de miedo, una venganza sin nombre"
627588,Chain Reaction
627792,Schindlers List
628467,"viuda de Chihuahua, La"
629266,"End of the Affair, The (1999)"
629626,3 Days to Kill
629806,Erin Brockovich (2000)
629846,"Adventures of Elmo In Grouchland, The"
630006,How to Train Your Dragon 2
630356,No Code Of Conduct
630695,Liar Liar
630794,Neighbors (aka Bad Neighbors)
630968,"Full Monty, The"
631546,"I, Frankenstein"
631746,Tammy
632606,Devils Knot
632668,Hear My Song
633106,Transformers: Age of Extinction
633186,Alien Lockdown (Aka Creature)
633188,"Badge, The"
633190,Beat
633374,One Chance
633386,Bent
633407,"Flintstones in Viva Rock Vegas, The"
633416,Secuestradores
633649,"Nut Job, The"
633989,Sex Tape
634247,Barbie and the Magic of Pegasus
634686,"Smurfs, The (2011)"
634746,Dawn of the Planet of the Apes
634772,Guardians of the Galaxy
635166,"Exorcist, The"
635206,Exorcist II: The Heretic
635246,Double Dragon
635726,Blast
635966,Gremlins
636187,Barbie and the Diamond Castle
636188,Barbie as the Island Princess
636190,Barbie in the 12 Dancing Princesses
636209,Barbie in the Nutcracker
636227,Sleepless in Seattle
636247,"Karate Kid, The (1984)"
636266,Stepmom
636427,"List, The"
636446,Mickeys Once Upon a Christmas
636786,Barbie in the Pink Shoes
636846,Fast Five (Aka Fast & Furious 5)
636866,"Karate Kid: Part II, The"
636886,My Best Friends Wedding
637186,Knight and Day
637206,As Good As It Gets
637617,"Best Intentions, The (aka Den Goda Viljan)"
637647,August Rush
637804,Hope Floats
637805,In Her Shoes
637823,Karaoke - Gerardo Ortiz - Amor confuso
638248,Paris Express (Aka: Coursier)
638326,Titus
638328,Purely Belter
638390,Le Divorce
638496,Shallow Hal (2001)
638526,Someone Like You
638786,Into the Storm
639446,¿Quién Mató a Pablo Escobar?
642175,Great Expectations
643127,Sor Alegría
643606,"Nightmare Before Christmas, The"
645186,"Maze Runner, The"
645927,Seraphim Falls
647646,Tom and Jerrys Giant Adventure
648086,"Stephen Kings, IT! (1990)"
648087,Tom and Jerry: Robin Hood and His Merry Mouse
648106,"Hundred-Foot Journey, The"
648586,Avatar (2009)
648606,22 Jump Street
648626,Deliver Us from Evil
648646,Libertador (aka The Liberator)
648667,What If
648707,Predestination
648806,Sabotage (2014)
650447,"Good Student, The (2006)"
651366,Gullivers Travels
651407,"Christmas Carol, A (2009)"
651867,"misma luna, La (aka Under The Same Moon)"
652066,Aunque me duela el alma
652106,Afternoon Delight
652326,Arma letal 5
652446,Con el poder de las manos
652506,"espinazo del diablo, El (aka The Devil`s Backbone)"
653747,Rudo y Cursi
654066,Casi Divas
658446,Amaury Gutiérrez: Directo Mío
658833,"Equalizer, The"
659906,Lucy
660006,Annabelle
660046,"Remaining, The"
660906,"Mickey, Donald, Goofy: The Three Musketeers"
662729,Karaoke - Cristian Castro - Lo mejor de mí
663522,Shrek the Third
663758,Justice League: Throne of Atlantis
663759,"Judge, The"
665546,Elsa & Fred
665826,Con todos menos conmigo
665866,"peor de mis desprecios, El"
666070,Karaoke - Elton John - Sacrifice
666081,Karaoke - Nirvana - Lithium
666090,Karaoke - The Cranberries - Zombie
666107,Karaoke - Luis Miguel - El día que me quieras
666197,Ciudadano Buelna
666198,"vueltas del Citrillo, Las"
666246,Chicogrande
666609,Royal Wedding
666741,Head Over Heels
666845,"diario de un sicario, El"
667154,"Last Song, The"
667646,Barneys Great Adventure
667647,Karaoke - Beyoncé - Single Ladies (Put a Ring on It)
667675,Karaoke - Luis Miguel - Uno
668556,"Farewell to Arms, A"
668591,"pedacito de cielo, Un"
668671,"rata, La"
668694,Arráncame la vida
669114,Penny Serenade
669342,Pasión y muerte en el puerto
669638,"Bizcocho del panadero, El"
669644,Gale Force
669952,Love and Other Drugs
670235,"Seducción y muerte (Aka Garras del vicio, Las)"
670496,Peleas salvajes
671172,Paddington
671232,"ángeles no tienen alas, Los"
671253,"comandos, Los"
672119,Earth to Echo
672499,Tinker Bell and the Legend of the Neverbeast
672855,Maten al Teniente
673035,Se me hizo agua la canoa
673038,Venganza en el barrio
673039,Venganza mortal
673072,Puchachas infieles
673076,"muerte de un valiente, La"
673172,Lola la taquera
673312,Misión venganza
673476,"Longest Yard, The (2005)"
673512,Big Hero 6
673892,"Hobbit, The: The Battle of the Five Armies"
674058,Interstellar
674601,Infestation
674671,Last Holiday (2006)
674745,"mural, El (Aka El Mural de Siqueiros)"
674772,Mean Girls 2
674811,"Vidas de Celia, Las"
674907,Loverboy
675056,Karaoke - Dove Cameron - Better In Stereo
675081,Cartagena (Aka Lhomme de chevet)
675086,"tortura, La"
675088,Memorial Day (2011)
675143,Sin dejar huella
675165,Karaoke - Soda Stereo - Cae el sol
675212,Fui suya y qué
675663,An American Crime
675672,"cueva del peludo, La (Aka Casa de señoritas 2)"
675812,Gian Marco - Entre tú y yo - En vivo desde el Lunario
676032,"River Wild, The"
676332,"Baile de San Juan, El"
676436,On Sessions: Jenny and The Mexicats
676532,Beautiful
676554,Prozac Nation
676612,"sonrisa del vagabundo, La (aka El milagro de San Judas Tadeo)"
676692,Velvet Goldmine
676854,Échate esta copa conmigo
677372,Everly
677452,Luna Escondida
677712,Narcos de Sinaloa (AKA Llanto por un bandido)
677792,"suerte de la fea la bonita no la desea, La"
677872,"Viaje de la Nonna, El"
677932,"Stranger in Paradise, A"
678093,Rage (aka Tokarev)
678192,"Flintstones and WWE, The: Stone Age Smackdown"
678597,Fury
678723,Te tocó bailar con la más fea
678779,Tres chilangos y un paisano
678805,Yo no pedí venir papá
678949,Tres Marías y un Don Juan
678955,Por si acaso vuelves a olvidarme
679036,Nomás una mujer
679140,On Sessions: La gusana ciega
679156,On Sessions: Golden Ganga
679172,Thunder and the House of Magic (aka The House of Magic)
679177,On Sessions: Wonderfox
679215,On Sessions: Uma Galera
679217,On Sessions: Un día de octubre
679254,Foxcatcher
679272,Beethoven (1992)
679312,Ouija (2014)
679392,"fuga del penal de Apatzingán, La"
679474,Karaoke - Eros Ramazzotti - Otra como tú
679483,Karaoke - Robert Palmer - Addicted to Love
679487,Karaoke - Soda Stereo - Canción animal
679494,Karaoke - Luis Miguel - Cuando calienta el sol
679515,Karaoke - Luis Miguel - Culpable o no
679534,Land of the Lost
679539,On Sessions: Las cafeteras
679556,"más viejas de mi casa, Las"
679728,On Sessions: Índigo
679918,On Sessions: Nicole
679920,Harry Potter and the Prisoner of Azkaban
679952,Bride Wars
679957,"rey de la playa, El"
679975,"Harry Potter and the Deathly Hollows, Part 1"
679976,Harry Potter and the Half-Blood Prince
679977,Historia de un amor
679984,Karaoke - Bob Marley - Buffalo Soldier
680052,"Last Station, The"
680145,Harry Potter and the Chamber of Secrets
680146,Harry Potter and the Goblet of Fire
680149,"Lord of the Rings, The: The Fellowship of the Ring"
680152,On Sessions: Él mató a un policía motorizado
680192,Harry Potter and the Order of the Phoenix
680212,"Hobbit, The: An Unexpected Journey"
680295,"Lord of the Rings, The: The Two Towers"
680574,Whiplash
680592,"Girl with the Dragon Tattoo, The (2011)"
680593,"Lord of the Rings, The: The Return of the King"
680594,Resident Evil: Damnation
680953,Recién casados
681314,Morras desmadrosas (aka 4 cholas desmadrosas)
681315,No me niegues cuando pregunten por mí
681395,Violación pena de muerte
681474,Hablando de mujeres y calzones
681475,Moneyball
681492,Violencia a mano armada
681572,Take Shelter
681712,Open Season 3
681832,Harry Potter and the Sorcerers Stone
681852,On Sessions: Bang Data
681853,On Sessions: Tremends
681952,"Harry Potter and the Deathly Hollows, Part 2"
681972,"Imitation Game, The"
682013,American Sniper
682116,Karaoke - Gloria Trevi - No querías lastimarme
682392,Annie (2014)
682593,Un abuelo de verdad
682664,Karaoke - La oreja de Van Gogh - La playa
682712,Karaoke - La Sirenita - Parte de él
682741,Pistoleros asesinos
683592,Karaoke - El jorobado de Notre Dame - Dios ayude a los marginados
684353,Jurassic Park
684392,Jurassic Park III
684482,"Música Segundo Tom Jobim, A"
684630,300
684655,Me dicen el mecha corta
684675,Calladita te ves más bonita
684676,Entre el poder y el deseo
684678,"Girl, Interrupted"
684697,Hoy no te toca morir
684698,"Piojosa, La"
684720,Y fue acá entre nos
684820,"Lost World, The: Jurassic Park"
684872,I Am Legend
684992,Kingsman: The Secret Service
685113,An Ideal Husband
685119,FairyTale: A True Story
685121,"Fea más buena, La"
685134,Ay que pena con el compadre
685135,Bandidas
685154,Fifty Shades of Grey
685155,Jane Eyre (1996)
685160,"otras viejas de mi compadre, Las"
685292,Karaoke - Gloria Trevi - Todos me miran
685458,Karaoke - Bob Marley - Redemption Song
685557,Underworld: Awakening
685558,Qué te ha dado esa hembra
685559,Un clavo saca otro clavo
685560,Una noche para recordar
685712,Still Alice
685893,Inception
685932,"Town, The"
685992,Mr. Turner
686518,"Metiche, La (2003)"
686812,Syriana (2005)
686872,"Matrix Reloaded, The"
686873,"Departed, The"
687332,"Last Samurai, The"
687493,"Matrix, The"
687512,Training Day
687652,Focus
687673,¿Por qué los hombres son infieles?
687830,Karaoke - Juan Magan - Ella no sigue modas
687880,Karaoke - Erasure - Oh Lamour
687890,Karaoke - Miguel Bosé Feat. Ximena Sariñana - Aire soy
687980,Karaoke - Beauty and the Beast - Beauty and the Beast
688092,calzón quitado; A
688212,Lethal Weapon
688312,Angel Dog
688352,Arthur Christmas
688360,"rubia y la morena 2, La"
688366,Yo soy la ley malandrines
688415,Ojete y pecador
688473,"mera reyna del sur, La"
688823,Strange Magic
689095,Kicking & Screaming
689395,Lethal Weapon 4
689432,Chappie
689472,Bring It On: All or Nothing
689753,Dragonball: Evolution
690052,"Land Before Time IX, The: Journey to the Big Water"
690694,Karaoke - Britney Spears ft. Madonna - Me Against the Music
691092,Ex_Machina
691192,Full Metal Jacket
691537,Run All Night
691652,"Shining, The"
691832,"Wedding Ringer, The"
691953,"Cobbler, The"
692292,Alice in Wonderland (1951)
692293,"Fox and the Hound, The"
692296,Taxi Driver
692312,Little Women (1994)
692395,Karaoke - Arcangel ft. Zion & Lennox - Diosa de los corazones
692397,Tres lancheros más picudos II
692398,"vengador, El (2001)"
692403,"Bugs Life, A"
692478,"Joneses, The"
692513,Sexo Com Amor?
692514,Hellboy (2004)
692515,Sliding Doors
692516,Robin Hood (1973)
692519,Instinto asesino 2
692525,Mars Needs Moms
692572,2001: A Space Odyssey
692692,"Sword in the Stone, The"
692697,"McFarland, USA"
692912,Leyendas: Chamín Correa
693034,Tinker Bell and the Great Fairy Rescue
693132,"Three Caballeros, The"
693153,Pound of Flesh
693353,"Age of Adeline, The"
694132,Marie Antoinette (2006 Feature)
694176,Angelitos negros
694177,A.T.M. ¡¡A Toda Máquina!!
694252,¡Arriba las mujeres!
694332,Furious 7 (Aka Fast & Furious 7)
694472,Race to Witch Mountain
694559,"Bandida, La"
694560,¡Así era Pedro Infante!
694563,¡¡¡Mátenme porque me muero!!!
694565,"Oveja negra, La"
694566,Pepe El Toro
694567,¡¿Qué te ha dado esa mujer?!
694572,Cuando lloran los valientes
694573,Escándalo de estrellas
694574,"Cucaracha, La"
694637,"Seminarista, El"
694685,¡Viva mi desgracia!
694779,"Mujer que yo perdí, La"
694793,¡Mexicanos al grito de guerra!
694794,No desearás la mujer de tu hijo
694795,"Mujeres de mi general, Las"
694812,Nosotros los pobres
694832,Wild Card (2015)
694952,"Hombre cine mexicano, El"
694972,"Islas Marías, Las"
695076,Paul Blart: Mall Cop 2
695154,"Ustedes, los ricos"
695155,"Tres Huastecos, Los"
695172,¡Los tres García!
695174,Tizoc (Amor Indio)
695192,¡Vuelven los García!...
695654,Beethovens Big Break
696332,Sucker Punch (2011)
696373,Dicen que soy mujeriego
696414,Curious George 2: Follow that Monkey
696472,Front Row Center - Moby
697056,Viva Villa
697779,Karaoke - Laura Pausini feat. Alejandro Sanz - Víveme
697894,Mad Max: Fury Road
698193,Ánimas Trujano
698194,¡Ay Jalisco.... no te rajes!
698195,¡Baile mi rey!...
698196,¡Ya tengo a mi hijo!
698197,¡Yerba sangrienta!
698212,¡¡Qué verde era mi padre!!
698252,Sherlock Holmes
698272,¡Qué lindo es Michoacán!
698373,Broken Horses
698392,Troy
698735,Así era Pancho Villa
698736,Hannah Montana: The Movie
698792,Clash of the Titans (2010)
698812,Sobre las olas
698892,Charlie and the Chocolate Factory
698932,"Hangover, The"
698972,Pacific Rim (2013)
698992,Happy Feet
698997,Monkey Kingdom
699314,Burdel
699316,Blanca Nieves y sus 7 amantes
699332,"agujero de enfrente, El"
699334,Cuernos debajo de la cama
699335,Del rancho a la televisión
699336,"Hombre de papel, El"
699339,"Ogro, El"
699340,Pancho Villa y la Valentina
699341,"Puerta y la mujer del carnicero, La"
699342,"Paquetes de Paquita, Los"
699343,Reclusorio III
699346,"Secreto del sacerdote, el"
699347,Somos del otro Laredo
699355,Cuando ¡Viva Villa! es la muerte
699356,Cupido pierde a Paquita
699357,Faltas a la moral
699360,Maldita ciudad
699361,Mi niño Tizoc
699364,Romance de fieras
699365,Solicito marido para engañar
699366,Tierra de hombres
699576,Eran 4 de a caballo
699632,"Good Year, A (2006)"
700156,Karaoke - The Cure - Friday Im in Love
700192,"Karaoke - Police, The - Every Little Thing She Does is Magic"
700195,Karaoke - Toy Story 3 - We Belong Together
701032,"Crazy, Stupid, Love"
701052,Sherlock Holmes: A Game of Shadows
701092,Caperucita y Pulgarcito contra los monstruos
701094,"Amor de María Isabel, El"
701096,"Waterboy, The"
701452,"Centauro Pancho Villa, El"
701453,Cruz de amor
701534,Selección Canina
701592,Hidalgo: La historia jamás contada
701692,Joshua
701693,Karaoke - Gloria Estefan - Hoy
701713,Se Eu Fosse Você 2
702493,Love Happens
703252,"Aborto, canto a la vida"
703351,"Cortado, El"
703380,"Caín, Abel y... el otro"
703396,Cada quién su vida
703400,"Chicas malas del padre Méndez, Las"
703412,"Cuatro dedos, El"
703416,Dos huerfanitas
703418,Fear
703559,"Autobúses del amor, Los"
703573,Abuso en el rancho
703627,Cuando corrió el alazán
703630,"Dengue del amor, El"
703632,Búsqueda implacable
703633,"Diario de mi madre, El"
703653,"Charro más naco... del Ejido, El"
703834,Karaoke - Shakira - No
703854,Karaoke - Ricky Martin - La Bomba
703855,"Karaoke - Shakira - Se quiere, se mata"
703922,Karaoke - Gloria Estefan - Mi tierra
703953,Casper
704112,Karaoke - Luis Miguel - Hasta que me olvides
704292,"Conjuring, The"
704312,Final Destination 5
704392,"Road, The"
704414,"Nightmare on Elm Street, A (2010)"
704932,Childs Play 2
704952,Psycho II
705112,"Omen, The"
705592,Tomorrowland
705612,Minions
705613,Poltergeist (2015)
705632,Dope
705652,"Rite, The"
705672,Rope
705732,Jurassic World
705772,San Andreas
705952,"Squid and the Whale, The"
705972,Sweeney Todd: The Demon Barber of Fleet Street
706132,Pans Labyrinth (2006)
706192,Orphan
706213,Warrior
706312,American Pie Presents: The Naked Mile
706392,Dragonball Z: Resurrection F
706512,"Legend of Zorro, The"
706972,Insidious: Chapter 3
707132,"Aviator, The (2004)"
707192,Hidden (2015)
707252,Rent (2005)
707332,"Caperucita roja, La"
707334,"Espadachines de la reina, Los"
707352,"Esquina, bajan¿!"
708157,Psycho III
708158,Resident Evil: Retribution
708592,"Vatican Tapes, The"
708692,"Buscona, La"
709051,Karaoke - Linkin Park - Burn it Down
709063,"Hijos de la calle, Los"
709097,Karaoke - Luis Miguel - Besame mucho
709160,Max (2015)
709219,Pixels
709254,Karaoke - Soda Stereo - Vita-Set
709259,"Fayuqueros de Tepito, Los"
709272,"Ídolo, El"
709274,Karaoke - Sie7e feat. Ziggy Marley - Mucha cosa buena
709276,Leyenda de un pistolero
709277,"Loco bronco, El"
709280,Erotikon
709292,Justicia ranchera
709301,¡Lo que no se puede perdonar!..
709302,Dos mujeres y un hombre
709307,"Gran premio, El"
709317,"Hija del payaso, La"
709354,"Great Gatsby, The (2013)"
709656,Monster House
709657,Total Recall (2012)
709658,21 Jump Street
709735,Karaoke - Violetta - Juntos somos más
709873,Mission: Impossible - Rogue Nation
710252,Gravity
710272,"Blind Side,The"
710292,Notes on a Scandal
710395,Mi caballo prieto rebelde
710692,Fantastic Four (2015)
710855,Mi canción eres tú
711013,Masajista de señoras (1971)
711032,"Locura del rock and roll, La"
711033,Mamá nos quita los novios
711052,"Martina, La"
711074,Pandilleras: Chavas banda
711132,María Isabel
711133,"Pequeña madrecita, La"
711134,Píntame angelitos blancos
711153,¡Prefiero a tu papá...!
711734,Mesrine - Lennemi public n°1 AKA Public Enemy part 2
711752,À Bout Portant AKA Point Blank
711954,Mesrine - Linstinct de mort AKA Public Enemy part 1
711992,Curious George 3: Back to the Jungle
712012,"Curious Case of Benjamin Button, The"
712173,"Guard, The"
712332,"Pecadoras, Las"
712352,México contra Estados Unidos
712355,Peluquero de señoras
712372,Noche de buitres
712393,Pedro el de Guadalajara (Asesinos del norte)
712413,Pandilleros: Olor a muerte 2
712433,"Bucket List, The"
713032,Invictus
713096,"Polar Express, The"
713175,"Man from U.N.C.L.E., The"
713214,Maze Runner: The Scorch Trials
713216,We Are Your Friends
713217,Pitch Perfect 2
713234,Banlieue 13 - Ultimatum
713317,Pawn Shop Chronicles
713356,Like Water: Anderson Silva
713359,Man of Steel
713467,"Iceman, The"
713470,Stolen
713532,"Largo Winch II AKA Burma Conspiracy, The"
713718,Karaoke - Il Divo - The Time of our Lives
713726,Karaoke - Pink - Try
713732,Karaoke - Andrés Calamaro - Cuando no estás
713733,Karaoke - Amaral - Te necesito
713738,Karaoke - Daddy Yankee Feat. Natalia G - La noche de los 2
713752,Karaoke - Avicii - Wake me up
713754,Karaoke - Cali y el Dandee - Gol - Mundial
713756,Karaoke - Cali y El Dandee - La playa
713766,Karaoke - Las Ketchup - Aserejé
713789,Karaoke - Rihanna - Russian Rulette
713792,Karaoke - Lady Gaga - Applause
713799,Karaoke - Romeo Santos - Propuesta indecente
713812,Karaoke - Starship - We Built this City
713847,"Sonrisa de la virgen, La"
713848,"Tigresa, La"
713897,Rubí
713898,Santo contra la mafia del vicio
713922,Tijuana caliente
713927,Valentín Armienta
713930,Venganza en el circo
713933,Una calle entre tú y yo
713938,24 horas de placer
713952,Vanessa
713953,"Momias de Guanajuato, Las"
714012,Valentines Day
714014,Vivir a todo dar
714833,Brake
714912,Star Wars: Episode IV - A New Hope
714935,Wrecked (2010)
714961,La Délicatesse
714962,Les petits mouchoirs aka Little White Lies
714986,So Undercover
714992,"Dark Knight, The"
714993,"Dark Knight Rises, The"
714994,Foster
715015,"Monk, The AKA Le Moine"
715172,About Cherry (AKA Cherry)
715292,Descent: Part 2; The
715312,"Manuale damore 3 (AKA Ages of Love, The)"
715313,"Longest Week, The"
715481,Karaoke - Pitbull - Bon Bon
715483,Karaoke - Ricardo Montaner - Me va a extrañar
715492,Hours
715498,Karaoke - Miley Cyrus - Wrecking Ball
715513,Karaoke - Aventura - Por un segundo
715523,Karaoke - Oasis - Supersonic
715524,Karaoke - Ricardo Montaner - La cima del cielo
715535,Karaoke - Jose Luis Perales - Te Quiero
715539,Karaoke - Selena Gomez - Who Says
715542,Karaoke - The Rolling Stones - Beast of Burden
715544,Now Is Good
715553,Karaoke - Enrique Iglesias ft. Marco Antonio Solís - El Perdedor
715559,Karaoke - Ricky Martin - Come With Me
715600,What Dreams May Come
715672,Hotel Transylvania 2
715711,"Martian, The"
715714,Tekken: A Man Called X aka Tekken 2: Kazuyas Revenge
715718,Karaoke - Frozen - Let it Go
715735,Karaoke - Zion y Lennox - La botella
715832,Vacation
715897,"Way Back, The"
715913,"Walk, The"
715953,"Oscuras primaveras, Las"
715977,Adriana del Río actriz
715978,Barroco
715979,Amor y sexo (Safo 63)
716015,Me and Earl and the Dying Girl
716019,Besito a papá
716021,Encuentro inesperado
716022,Caballo prieto azabache
716023,¡Ay palillo... no te rajes!
716040,Cásate y verás
716041,"Chamaca, La"
716042,"Apando, El"
716043,"Cama de piedra, La"
716047,"Pasajero diez mil, El"
716049,Relámpago I
716055,Anoche soñé contigo
716058,"Proceso de Cristo, El"
716060,"Gallo de oro, El"
716072,Ahí vienen los Argumedo
716073,Bala Perdida
716074,"Casa del rencor, La"
716076,"Corsario negro, El"
716084,"Pequeños privilegios, Los"
716094,Relámpago IV
716095,"Vividor, El"
716096,"Pandilla III, La"
716102,Batman Begins
716375,Ella es Ramona (aka Ramona y los escarabajos)
716381,Karaoke - Jesse y Joy - Llorar
716383,Anna Karenina (1997)
716385,Karaoke - Lady Gaga - Alejandro
716397,Karaoke - Marc Anthony - Vivir mi vida
716413,"Next Three Days, The"
716415,Karaoke - John Legend - All of Me
716416,Karaoke - Alkilados - Amor a primera vista
716432,Karaoke - Conchita Wurst - Rise Like a Phoenix
716456,Miss Nobody
716497,"Darjeeling Limited, The"
716513,Karaoke - Passenger - Let her Go
716533,"Primer amor, El"
716565,"Secret Life of Bees, The"
716651,Grace of Monaco
716673,Pan
717026,Bridge of Spies
717034,Waitress
717035,Mi angelito favorito
717036,Karaoke - Carlos Baute y Marta Sánchez - Colgando en tus manos
717043,Locas y atrapadas
717045,Jaque Mate
717047,"Feo de día, lindo de noche"
717048,Lotoman
717061,Cristiano de la secreta
717065,"Maldición del Padre Cardona, La"
717071,Megadiva
717074,Un lío en dólares
717075,Vamos de robo!
717094,I Love Bachata (Yo amo la bachata)
717101,Arrobá
717118,Noche de circo
717122,Lotoman 2.0
717123,Mi novia está...de madre!
717135,Profe por accidente
717199,People Places Things
717202,Karaoke - Bob Marley - Pimpers Paradise
717245,Goosebumps (2015)
717276,"Intern, The"
717305,Karaoke - Jesse & Joy - Corre
717414,Karaoke - Britney Spears - If U Seek Amy
717423,Batman: Bad Blood
717655,Barbie The Pearl Princess
717711,Seeking Justice
717841,Karaoke - Fuego Feat. El Potro Alvarez - Vaina loca
717844,Barbie and the Secret Door
718161,In the Heart of the Sea
718196,Men in Black 3
718314,"Ejecutor, El"
718361,Camp X-Ray
718434,"Professional, The"
718499,Miracle Landing on the Hudson
718555,Olor a muerte
718556,¡Todos son mis hijos!..
718791,Karaoke - No Doubt - Dont Speak
718806,Karaoke - Justin Timberlake - Touch You if I Could
718809,Karaoke - Soda Stereo - Te hacen falta vitaminas
718831,Karaoke - Mr.President - Coco Jambo
718838,Ella (2010)
718856,Karaoke - Julieta Venegas - Despedida
718865,Karaoke - Fun - Some Nights
718878,Karaoke - Tito el Bambino - Barquito
718879,Karaoke - Christina Perri - A Thousand Years
718920,Karaoke - Elvis Presley - Its Now or Never
718923,Un cuerpo desnudo
718933,Karaoke - Romeo Santos - Llévame contigo
719009,Exorcismo documentado
719292,Karaoke - Thalía - Habítame siempre
719495,Marcados para morir
719513,Karaoke - David Bisbal - Amanecer sin ti
719553,Karaoke - Leonardo Favio - Fuiste mía un verano
719573,Karaoke - Roy Orbison - Pretty Woman
719579,Se buscan III
719593,Barbie Spy Squad
719616,Karaoke - Alex Ubago - Ella vive en mí
719617,Karaoke - Cristian Castro - Azul
719619,Karaoke - Foster the People - Pumped Up Kicks
719816,Karaoke - Rihanna - Pour It Up
719996,"Hunger Games, The: Mockingjay Part 2"
720113,"Other Man, The"
720335,Point Break (2015)
720413,Justice League vs Teen Titans
720438,Alvin and the Chipmunks: The Road Chip
720445,Karaoke - Will.I.Am ft. Eva Simons - This is Love
720466,"Karaoke - The Beach Boys - Surfing, USA"
720480,Halo 4: Forward Unto Dawn
720527,Karaoke - One Direction - Kiss You
720579,Carol
720585,"Revenant, The"
720767,Karaoke - Katy Perry - Roar
720883,"Choice, The"
720958,Karaoke - Thalía - Equivocada
720977,Karaoke - Yandar & Yostin - Te pintaron pajaritos
721017,Karaoke - Pablo Alboran - Te he echado de menos
721240,"Act of Killing, The"
721243,Karaoke - Julieta Venegas - Te Vi
721258,Rudyard Kiplings The Second Jungle Book: Mowgli & Baloo
721342,Night Will Fall
721462,"Gatekeepers, The"
721569,"Peanuts Movie, The"
721570,"Boy, The (2016)"
721586,Inuyasha: Affections Touching Across Time
721604,Deadpool
721658,Dirty Grandpa
721882,Dictado
721884,Karaoke - Big Mountain - Reggae inna Summertime
721886,Karaoke - Christina Aguilera - Reflection
721890,Karaoke - Evanescence - Bring me to Life
721892,Karaoke - Calle 13 - Multi viral
721893,Karaoke - Amy Winehouse - Back to Black
721894,Karaoke - Amy Winehouse - You Know That Im no Good
721944,Karaoke - Alejandro Fernandez y Christina Aguilera - Hoy tengo ganas de ti
721945,Karaoke - Coti - Nada fue un error
721946,Karaoke - Carlos Baute - Cómo estar sin ti
721952,Karaoke - Aventura - El Perdedor
721964,Karaoke - The Beatles - Let it Be
721968,Karaoke - Capital Cities - Safe & Sound
722002,Karaoke - Jamiroquai - Virtual Insanity
722003,Karaoke - Flo Rida - Whistle
722008,Karaoke - El canto del loco - Vivir asi es morir de amor
722009,Karaoke - Amy Winehouse - Valerie
722011,Karaoke - Jennifer Lopez ft. Pitbull - Live it Up
722039,Karaoke - Amy Winehouse - In My Bed
722058,Karaoke - Amy Winehouse - Love is a Losing Game
722059,Karaoke - Elvis Presley - Kiss Me Quick
722097,"Hateful Eight, The"
722461,How to Be Single (2016)
722759,London Has Fallen
722819,"Forest, The"
723943,Platanito show la película 2
724102,Batman v Superman: Dawn of Justice
724138,"sexo me da risa 2, El"
724139,"diario de una prostituta, El"
724140,"regreso del Rey, El"
724158,"Ritmo, traición y muerte"
724159,"Comando del diablo 3, El"
724160,Culiacán vs. Mazatlán
724162,LEGO DC Super Heroes: Justice League: Gotham City Breakout
724178,De cara a la muerte
724179,"sexo me da risa 3, El"
724199,"sexo me da risa 4, El"
724200,"hijos de Don Gregorio, Los"
724438,"último bazukazo 2, El"
724640,"Divergent Series, The: Allegiant"
724942,Bruce Lee: Fist of Fury
725536,"Cantante, El"
725669,Eye in the Sky
725758,Batman: The Killing Joke
725791,"Tiempos de Pablo Escobar, Los"
727057,Ice Age: The Meltdown (Aka Ice Age 2)
727070,Best Friends
727388,Ugly Benny
727980,X-Men: Apocalypse
728059,¿Qué Culpa Tiene el Niño?
728118,Me Before You
728461,Independence Day: Resurgence
729081,Viy
729158,"Legend of Tarzan, The"
729608,Levantamuertos
729644,Karaoke - Coldplay - In My Place
729682,Ice Age: Collision Course
729867,Now You See Me 2
730267,"Shallows, The"
730482,Bad Moms
730559,Batman: Return of the Caped Crusaders
730681,Ghostbusters (2016) - Extended Edition
731880,"Little Engine that Could, The"
732146,Gian Marco en vivo Lunario 2016
732338,Karaoke - Daughtry - September
732498,Busco novio para mi Mujer
732552,Suicide Squad
732793,Nine Lives (2016)
737578,Potosí
737969,Wedding Crashers
738067,Karaoke - Amor Electro - A Máquina
738543,Nerve
738558,Dont Breathe
738719,"No eres tú, soy yo (aka Its Not You, Its Me)"
738738,Nosotros los Nobles (2013)
738761,Swiss Army Man
738778,Recién Cazado (aka Recently Married)
738919,Bridget Joness Diary
738939,Bridget Jones: The Edge of Reason
738986,Stuck in Love
739099,Pride
739501,Miss Peregrines Home for Peculiar Children
739619,Yoga Hosers
739640,Puerto Ricans in Paris
739649,"Sea of Trees, The"
739858,Storks
739958,No Manches Frida
739994,Deepwater Horizon
739995,For Those about to Rock: The Story of Rodrigo and Gabriela
740879,"Eterno Silencio, El"
741133,Surfs Up 2: Wave Mania
741418,"Wave, The"
742098,Blair Witch (aka The Woods)
743098,Barely Lethal
743523,Never Been Kissed (1998)
743579,Just Married (2002)
743921,Elle
743928,Shut In
743976,Barbie Video Game Hero
744506,"Passion of the Christ, The"
744523,Mrs. Doubtfire
744626,Wall Street
744673,Post Grad
744675,Hide and Seek
744861,Fantastic Beasts and Where to Find Them
744978,Beauty and the Beast (2014)
745043,"Neon Demon, The"
745341,Medeas
745399,Autor3s Segunda Temporada
745421,Passengers
745438,"Punisher, The (1989)"
745458,Sunshine (2007)
745918,Titan A.E.
745979,Batman (1966)
746014,28 Weeks Later (2007)
746058,Cidade dos Homens
746112,Mar adentro
746117,"Few Good Men, A"
746258,"Punisher, The (2004)"
746298,"Secreto de Lucia, El"
746340,Why Him?
746359,Hacksaw Ridge
746400,"Christmas Carol, A"
746514,You Dont Mess with the Zohan
746538,Walk the Line
746596,Fallen (2016)
746619,"House Bunny, The"
746659,"Monster Calls, A"
746683,Max Steel (2016)
746685,Teen Titans: The Judas Contract
746746,Hot Shots! Part Deux
746800,Assassins Creed
746818,Mechanic: Resurrection
746838,"Other Guys, The"
746852,Open Season 2
746918,Resident Evil: Apocalypse
747062,Manchester by the Sea
747166,Um dia (aka Bróder)
747173,Cadena de Vida
747183,"Castelo Ra-Tim-Bum, O Filme"
747298,Tainá: Uma Aventura na Amazônia
747409,Ballerina
747882,Resident Evil: Extinction
748565,La La Land
748568,Moonlight
748921,Alien3
748939,Resident Evil: The Final Chapter
749030,Aliens
749071,Underworld
749400,Lion
749483,My Sisters Keeper
749509,Hidden Figures
749559,"Space Between Us, The"
749668,John Wick: Chapter 2
749741,Bad Boys (1995)
749793,"Founder, The"
749796,Logan
749798,13 Going on 30
749837,"Ringu (aka Ring, The)"
749867,Ringu 2
749963,White Chicks
750003,Soul Surfer
750143,Burlesque (2010)
750554,"Little Prince, The"
750592,Power Rangers
750642,"Bye Bye Man, The"
750721,"Ouija Experiment, The"
750801,"Shack, The"
750943,Autor3s Tercera Temporada
751010,Homicide
751012,"Night of the White Pants, The"
751013,August (1996)
751030,"Autopsy of Jane Doe, The"
751062,22 Bullets (AKA Limmortel)
751063,Cass
751234,Undefeated
751322,"Runaways, The"
751650,Oranges and Sunshine
751680,Peter and Wendy
751731,Patriots Day
752673,One Starry Christmas
752696,Elvis & Anabelle
753200,Best Christmas Party Ever
753267,On a Clear Day
753307,"Upside of Anger, The"
753771,"Monsterous Holiday, A"
753836,Showdown (1993)
753907,Seventh Moon
753929,Saw VI
753966,Canon - fidelidad al límite
754006,How to Be a Latin Lover
754007,"Tlatelolco, verano de 68"
754013,Macho
754029,Hacker
754117,"Million Dollar Hotel, The"
754625,Grado 3
754641,Alien: Covenant
755190,"Color Purple, The"
755354,"Last King, The"
755381,Citizen Kane
755383,Magnolia
755385,Gone with the Wind
755423,"Rocky Horror Picture Show, The"
755439,Blood Father
755470,Yo soy la salsa
755597,"Fly, The"
755607,No hay más remedio
755608,"ritmo de fe, A"
755610,Operation Mekong
755621,"Lion Woman, The (aka Løvekvinnen)"
755643,Hot Shots!
756254,Vamos a la luna
756256,Piratas del Caribe: Navegando aguas misteriosas
756277,Piratas del Caribe - El cofre de la muerte
756288,Inframundo  El despertar
756292,Iron man - El hombre de hierro
756305,Después De La Tierra
756310,WALLE
756313,Los Ilegales
756320,Hotel Transylvania
756323,Piratas del Caribe - La maldicion del Perla Negra
756326,Señales
756331,10 años
756335,Las crónicas de Narnia
756349,Los increíbles
756352,Las aventuras de Sammy: En busca del pasaje secreto
756354,Magia a la Luz de la Luna
756362,La Caída De La Casa Blanca
756363,Espanglish
756367,Diana
756378,¿Qué Voy a Hacer con mi Marido?
756381,El Código Da Vinci
756383,La Chica Del Dragón Tatuado
756388,Ratatouille
756392,Encantada
756393,"Ralph, el demoledor"
756394,Buscando a Nemo
756399,"Oz, el poderoso"
756400,Espejito espejito
756401,Solo amigos
756402,Un monstruo en París
756410,Inframundo
756421,Bichos: una aventura en miniatura
756429,Volcano
756441,Mi semana con Marilyn
756442,Mary Poppins
756444,Poderes ocultos
756447,Piratas del Caribe - En el fin del mundo
756530,Gold (2017)
756543,Gibby
756569,Mighty Morphin Power Rangers: The Movie
756618,Jingle All the Way
756626,William Shakespeares Romeo and Juliet
756632,Home Alone 2: Lost in New York
756643,Home Alone
756654,All Dogs Go to Heaven
756660,Mr. & Mrs. Smith
756669,Bee Movie
756684,It Comes at Night
757049,Eragon (2006)
758189,Two Is a Family
758195,El cubo
758209,"Name of the Rose, The"
758210,"Host, The"
758213,"Monsters, Inc."
758247,Alicia en el país de las maravillas
758279,Enredados
758281,Desafío Sobre Olas
758318,El proyecto de la bruja de Blair
758323,"Thousand Kisses Deep, A"
758761,Dos Policías Rebeldes
758856,Plan B
758860,Las reglas de la atracción
758925,Dance With a Stranger
758939,Abre los ojos
758960,Another Country (1984)
759032,Cal
759047,Tu Primera Vez
759066,Valiente
759068,Son Como Niños 2
759093,Astro Boy
759102,"Room With a View, A"
759118,Dulce venganza
759124,El extraño mundo de Jack
759357,Wheres the Money
759371,War for the Planet of the Apes
759393,"Monster, The (aka There are Monsters)"
759400,"Novia, La (aka Hebecta)"
759487,Uncle Buck (1989)
759655,"Mission, The"
759779,Mulan
759781,Torn Curtain (1966)
759855,Pandillas De Nueva York
759961,Red 2
759980,Bad Boys 2: Vuelven Mas Rebeldes
760114,"Wall, The"
760145,"Nut Job 2, The: Nutty by Nature"
760191,Your Name
760223,"Thing, The (1982)"
760232,Logan Lucky
760561,"Glass Castle, The"
760654,Saw II
760687,Valerian and the City of a Thousand Planets
760750,Truth or Dare (aka Truth or Die)
760836,Guardians
760975,My Little Pony
761040,"Family Man, A"
761092,Mi novio es un zombie
761094,Happy Family
761249,Tulip Fever
761268,Starry Eyes
761314,People Get Eaten
761356,Mátalos suavemente
761361,American Assassin
761491,Bonjour Anne (aka Paris can Wait)
761661,Amityville: The Awakening
761820,Presagio
761983,Amigos Con Beneficios
762077,Mujer saliendo del mar
762134,My Best Friends Wedding (2016)
762191,"Fuego Inolvidable, El"
762341,Blind (2017)
762395,Breathe
762442,Mañana no te olvides
762444,Mark Felt
762771,Jigsaw
763335,It Stains the Sands Red
763492,Pups Save Friendship Day
763501,Te Amo
763502,Sammys Valentine Special Valentines Day
763503,Regreso al Bosque Lluvioso
763519,Special Delivery Valentines Day themed
763755,Cuestión de honor
763761,Comer Rezar Amar
763785,I am Love
763810,Sex Guaranteed
763823,Capitán América: El primer vengador
763825,Deep Winter
763826,Good Bye Lenin!
763827,What Love Is
763998,Tinker Tailor Soldier Spy
764000,Unacknowledged
764001,Keeper
764042,"Eyes of My Mother, The"
764137,Wonder
764288,"Bad Moms Christmas, A"
764290,"Foreigner, The (2017)"
764363,Kojot
764413,"Sexo, amor y otras perversiones 2"
764416,Victorio
764417,Sueños de pasión: Infidelidad mortal
764429,Cinco
764430,"Cama, La (2012)"
764431,Sueños de pasión: Una suegra muy ardiente
764439,Al filo de la ley
764441,Dios me libre
764443,Quinto piso
764459,Sueños de pasión: Seducción en el cuadrilátero
764481,W.E.
764486,Oscura seducción
764995,"Carga, La"
765049,"Wailer III, The"
767453,Premium Rush
767680,"Adventures of Tintin, The"
767691,Hotel Rwanda
767701,Asesino a sueldo
767704,Los Cuatro 2: Reino Sem Lei
767707,Jugando por Amor
767708,Las ventajas de ser invisible
767709,S.W.A.T. Unidad Especial
767720,Los Cuatro
767721,El cantante
767730,Meu Nome Não É Johnny
767787,Rosa del Caribe
767961,"Pirates! Band Of Misfits, The"
767963,Restless (2011)
768039,Dos policías con suerte
768094,"Osiris Child, The"
768190,Dos policías con suerte 2
768254,Platanito Sinfónico
768257,Blade of the Immortal
768291,43
768303,Daniel & Ana
768304,"Leyenda del tesoro, La"
768318,"Incontrolable mundo del azar, El"
768319,Kiquirimiau 2
768320,"Cártel de la papa, El"
768321,15 años y un día
768323,Una fichera torera
768338,Conducta
768339,Kikirimiau
768354,Yerba mala nunca muere
768358,"Marcelo, la mafia y la estafa"
768375,"Coco, El"
768400,Rocanrol 68
768420,Hasta que la muerte nos separe
768429,Días azules
768467,Papita maní tostón
768468,Siete años de matrimonio
768506,Mollys Game
768521,Antes del fuego
768523,Sólo para adúlteros
768558,Carambola
768560,"Polvo carnavalero, un cachaco en carnaval"
768563,Juan in a Million
768565,Contracorriente (aka Mujer Alabastrina)
768568,All the Money in the World
768909,Gun Shy (2017)
769073,"Disputa, La"
769087,Sensualidad
769107,Hangman
769108,"fieras, Las"
769110,Vidita negra
769139,"noche embarazosa, Una"
769157,Pompeyo el conquistador
769174,Supervivientes de los Andes
769176,"Secreto de Juan Palomo, El"
769196,Stronger
769226,"niña de mis ojos, La"
769234,Paradas continuas
769241,"día de la boda, El"
769242,Pimp Bullies Víctimas de un prostíbulo
769272,Samurai X: La leyenda termina
769284,Plan de escape
769294,Fair Game
769309,Samurai X
769329,Lo imposible
769330,Masacre en Texas: Herencia maldita
769340,Una pareja casi perfecta
769386,Sindicato de telemirones
769420,Dont Knock Twice
769440,"siete niños de Écija, Los"
769504,Un loco verano catracho
769532,Detective Marañón
769573,Moon
769595,Seducción
769640,Bicentennial Man
769702,It Might Get Loud
769722,Prisión de mujeres
769734,Del can can al mambo
769765,Una loca navidad catracha
769767,Boonie Bears: To the Rescue
769808,Milagro en Praga
769847,"casa embrujada, La"
769874,Noches de ronda
769899,Una gitana en Jalisco
769902,Triángulo diabólico de las Bermudas
769932,Ozzy
769935,Boonie Bears: Homeward Journey
769973,"Atentado, El"
769985,"Clockwork Orange, A"
770040,Father Figures (Aka Bastards)
770056,Donnie Brasco
770062,"Seductor, El"
770079,Una mujer fantástica
770086,Posada sangrienta
770088,Pecadora
770158,Nuestros maridos
770185,Braven
770264,"Rectora, La"
770284,Boonie Bears: A Mystical Winter
770301,"Virtud desnuda, La"
770465,"Historia de Una Mujer Fantástica, La"
770480,Motherhood
770525,Pescadores de perlas
770542,"Little Vampire, The"
770547,Por un amor
770584,Stratton
770605,"Notebook, The"
770634,Mom and Dad
770638,Winchester
770646,"llorona, La"
770652,¿Cómo diablos le hace?
770654,Asesino Íntimo
770655,RED: Retirados Extremadamente Duros
770656,Piraña 2
770691,"Legend of Hells Gate, The: An American Conspiracy"
770699,Donnie Darko
770700,Los juegos del hambre: En Llamas
770701,Pups United
770704,"Killing of a Sacred Deer, The"
770714,Shadow of Fear
770715,Stark Raving Mad
770720,Violando leyes
770721,Todos dicen que te amo
770722,Muerte en la montaña
770808,"Cured, The"
770931,Gallina Pintadita - Temporada 2
771034,12 Strong (aka Horse Soldiers)
771114,Den of Thieves
771254,De amores fugaces y pasiones eternas
771295,Perras de barrio
771308,"Sexo me da risa 5, El"
771310,Early Man
771320,Peligrosa tentación 2
771330,Princesas de Cartón
771429,El guardián
771457,Panchitos 2
771509,Sanky Panky 2
771518,Wonderstruck
771542,Oceans Thirteen
771547,Oceans Eleven
771614,Sanky Panky
771762,Oceans Twelve
771798,Wakefield
771799,Vengeance: A Love Story
771801,Armed Response
771805,Bro
771806,Animals United
771807,Cosmópolis
771808,Crepúsculo la saga: Amanecer parte 2
771813,Soldado universal: El juicio final
771814,Crepúsculo la saga: Luna Nueva
771828,"Last Keepers, The"
771832,Un crimen inesperado
771833,Fama
771834,La hija de Dios
771835,Venus & Vegas
771843,Crepúsculo la saga: Amanecer: parte 1
771844,Planet 51
771845,Crepúsculo
771849,Mentiras mortales
771850,In Darkness
771861,"Romantics, The"
771863,La huésped
771864,Crepúsculo la saga: Eclipse
771865,Rec
772039,Peligrosa tentación
772262,"Late Bloomer, The"
772303,Beyond Skyline
772341,Dont Hang Up
772342,Bullet Head
772358,"I, Tonya"
772359,"Assignment, The (aka Revenger)"
772360,"Humanity Bureau, The"
772361,"Young Karl Marx, The"
772415,Adèle Blanc-Sec (Aka The Extraordinary Adventures Of Adèle Blanc-Sec)
772465,Leatherface
772499,"Limehouse Golem, The"
772642,"Leisure Seeker, The"
772657,Arthur and the War of Two Worlds
772705,"Strangers, The: Prey at Night"
772708,"Commuter, The"
772809,Match Point
772810,Amor y muerte
772824,Fuego con fuego
772888,Swinging with the Finkels
772894,Hank and Asha
772898,4.3.2.1
772901,Why Stop Now
772923,Barry Munday
772950,Mazinger Z: Infinity
772953,I Melt with You
772999,Waiting for Forever
773003,Fire & Ice: The Dragon Chronicles
773005,Tomorrowland
773018,Grace de Mónaco
773143,Tully
773164,Deceit
773165,I Really Hate My Job
773175,De Poel (aka The Pool)
773264,I Can Only Imagine
773265,Entebbe (aka 7 Days in Entebbe)
773288,Jeepers Creepers III
773289,Overboard (2018)
773298,Flitzer (aka Streaker)
773299,Strangled
773412,Awful Nice
773425,"Heal, Senate"
773476,Gringo
773493,Barbie & her Sisters in a Pony Tale
773572,Restaurant
773608,Midnight Sun
773617,"Ploey, You Never Fly Alone"
773631,Radio Corazón (2007)
773685,24 Hours to Live
773806,Escobar: Paraíso Perdido
773823,Punto de quiebra
773957,Ceremony
773961,Snow Flower and the Secret Fan
773977,"Good Funeral, A"
773998,"House of the Spirits, The"
774017,You Will Meet a Tall Dark Stranger
774023,Bacilos (Viña del Mar)
774063,Pelican Blood
774093,I Feel Pretty
774096,"Valentines Date, A"
774103,"Pirates of Somalia, The"
774195,Shaded Places
774277,Cómplices
774345,Public Disturbance
774379,Oceans Eight (aka Oceans 8)
774590,Barbie in Rock N Royals
774599,Boonie Bears: The Big Top Secret
774616,Gun
774622,Hereditary
774638,Every Day
774667,Thor
774674,El Niño y El Fugitivo
774685,Barbie in Princess Power
774697,Thor: Un mundo oscuro
774698,Código de Defensa
774699,Capitán América y el Soldado del Invierno
774700,Armados y peligrosos
774707,Iron Man 2
774720,Cars 2
774724,Cars
774738,Dumbo
774750,"Alexander y un día terrible, horrible, malo... ¡muy malo!"
774792,Wake Wood
774794,"Tomb, The"
774803,Monsters University
774804,Maléfica
774812,Barbie: Dolphin Magic
774822,Disobedience
774898,"Death of Stalin, The"
774954,Teresa
774955,Scooby-Doo! and the Gourmet Ghost
774957,Action Point
775009,Dawson Isla 10 (2009)
775010,Sanctum (James Camerons Sanctum)
775013,Insidious
775014,Apollo 18
775042,Life of the Party
775195,Uncle Drew
775226,Incident in a Ghostland
775238,"Canyon, The"
775258,Letters from Mother Teresa
775268,"Freddie, el murciélago salva Halloween"
775294,DC Super Hero Girls: Legends of Atlantis
775313,Secreto de sangre
775337,Bombal (2011)
775364,Lección de pintura
775365,Gringuito
775380,Bonsai
775381,199 recetas para ser feliz
775480,La serie Divergente: Insurgente
775496,Zapatero a tus zapatos
775504,Non-Stop: Sin escalas
775505,La noche más oscura
775518,Siniestro
775519,Divergente.
775522,Cartas a Julieta
775548,Doctor Who: Twice Upon A Time
775549,Love
775553,"Star Is Born, A (1976)"
775558,Kung Fu Yoga
775577,Buenos Aires 2018: Ceremonia de Inauguración
775642,Skyscraper (2018)
775661,Hotel Transylvania 3: A Monster Vacation
775674,"Constantine: City of Demons, The Movie"
775714,"Luchador, El (aka Backseat Fighter)"
775721,Adrift (2018)
775722,55 Steps
775755,Hickok
775773,Hostile
775803,Altitude
775864,LBJ
775867,Down a Dark Hall
775889,David Beckham: Into the Unknown
775897,"Darkest Minds, The"
775934,Tremors: A Cold Day in Hell
775942,David Beckham: For the Love of the Game
775944,China Salesman
775982,Mamma Mia! Here We Go Again
775985,Slender Man
776238,Incredibles 2
776291,Se busca novio para mi mujer
776413,Leave no Trace
776426,Garfield a Tail of Two Kitties
776435,"Beach, The (2000)"
776439,Re-Loca
776453,Se Eu Fosse Voce (2006)
776575,"Meg, The"
776648,Assalto ao Banco Central (2011)
776719,Realms
776727,Stefan vs Kramer
776731,Regresión
776737,Nosso Lar (2010)
776739,Super Troopers (2002)
776749,28 Days Later (2003)
776757,Una buena receta
776768,Un Papá Genial
776780,Tag (2018)
776781,Behind Enemy Lines (2001)
776786,Dumbo (1941)
776791,Bajo Amenaza
776794,El encanto de la bestia
776818,Avengers: Black Widow Y Punisher
776821,Nuestro hermano idiota
776854,Bringing Up Daddy (aka An Actor Prepares)
776862,Hotel Artemis
776868,"First Purge, The"
776889,El Avispón Verde.
776898,Mission: Impossible - Fallout
776923,Resident Evil: Infierno
776982,Hechizada
777041,Coco
777043,"Little Witch, The (aka Die Kleine Hexe)"
777127,La máscara del Zorro
777129,Criaturas Salvajes
777137,"Happytime Murders, The"
777178,Tyler Perrys Acrimony (aka Acrimony)
777181,El Karate Kid
777183,Enemigo Íntimo
777198,Luis and the Aliens
777203,Ángel negro
777219,Una Navidad De Locos
777220,Querido John
777239,Decisiones Extremas
777240,El Karate Kid Parte 2
777298,Stephanie
777301,Christopher Robin
777339,Sangre eterna
777480,Rubirosa
777483,"Equalizer 2, The"
777501,Platanito 4
777595,Bleeding Steel
777630,"Nun, The"
777645,Lean on Pete
777646,Kin
777700,Traffik
777742,"Along with the Gods, the Two Worlds"
777909,At First Light (aka First Light)
777910,"Juliet, Naked"
777927,¡Asu mare! La Película
777933,Mamá ya crecí
777980,"Spy Who Dumped Me, The"
778011,Escalofrío el Hombre de Nieve
778020,Maldito Amor
778029,Blood Brother (2017)
778063,Teen Titans Go! To the Movies
778086,"Gran Tiburón Blanco, El"
778105,"Along with the Gods, the Last 49 Days"
778118,Mile 22
778292,Operación Regalo
778310,No sin ella
778350,La Herencia Del Sr. Deeds
778351,Venganza Letal
778413,Alpha (2018)
778495,Journey to the Christmas Star
778512,"Doctor Who: Christmas 2014, Last Christmas"
778513,Doctor Who: Twice Upon a Time
778526,Los Ángeles De Charlie
778528,Crazy Rich Asians
778531,"Doctor Who: Christmas 2016, The Return of Doctor Mysterio"
778532,Mary and the Witchs Flower
778533,"Stolen Princess, The"
778542,"Doctor Who: Christmas 2015, The Husbands of Riversong"
778545,"Grimm Brothers, Snow White: A Tale of Terror"
778548,Karate Kid
778556,Leo Da Vinci: Mission Mona Lisa
778566,Delirium
778570,Dunkirk
778572,Victor Crowley
778580,Machete
778600,Boundaries
778602,Breaking In
778603,Searching (2018)
778644,Flower
778652,Despite the Falling Snow
778654,"Hernán Cortés, un hombre entre Dios y el Diablo"
778657,Black Panther
778660,Beata Ignoranza
778678,Get Out
778691,Gotti
778692,Smallfoot
778701,La Boda De Mi Mejor Amigo
778721,"Whiskey Bandit, The"
778738,Leprechaun Returns
778930,Acusada
778931,"Predator, The"
778956,Us and Them
778986,Descendants
778997,Peppermint
779019,Venom (2018)
779054,Doras Royal Rescue Part 1
779144,Dora Saves Fairytale Land Part 2
779147,Dora in Wonderland Part 1
779163,Doras Enchanted Forest Adventures Part II: The Secret of Atlantis
779166,Dora Saves Fairytale Land Part 1
779176,La aventura de cuento de hadas de Dora- Parte 1
779178,Dora in Wonderland Part 2
779183,"Simple Favor, A"
779186,Goosebumps 2: Haunted Halloween
779196,Ghost Stories
779268,Colette
779287,"Miracle Season, The"
779308,A-X-L
779309,"Legend of Secret Pass, The"
779310,Jerry Maguire: Amor y Desafío
779311,Ricky Bobby: Loco Por La Velocidad
779350,Puzzle
779352,Wildling
779381,Born Racer
779399,Pokémon: The First Movie
779418,Pokémon the Movie: I Choose You!
779420,Pokémon 3: The Movie - Lord of the Unknown Tower
779421,Pokémon: The Movie 2000 - The Power of One
779426,Camino Sin Retorno
779433,Espíritu Salvaje
779439,Momentum Generation
779444,En Busca De La Felicidad
779477,Erin Brockovich: Una Mujer Audaz
779479,Leyendas De Pasión
779511,Street Fighter: La Última Batalla
779518,El Coleccionista De Huesos
779554,Pokémon the Movie: The Power of Us
779555,"Star Is Born, A (2018)"
779556,"Hurricane Heist, The"
779557,Upgrade
779576,Time Freak
779622,"Midnight Man, The"
779642,Avengers: Infinity War
779646,Bohemian Rhapsody
779677,Samson
779681,Bernie the Dolphin
779832,The Big Ant-venture
779853,Happy Wishaversary
779873,The King of Numbers! Part 1
779885,Rocket Ski Rescue
779886,Rustys Sick Fix/Rustys Journey to the Center of Sparkton Hills
779887,The King of Numbers! - Part 2
779906,Pups Save a Space Rock/Pups Save a Good Mayor
779907,School Science Fair
779930,Destruction Los Angeles
780016,"Ready, Set, Roar"
780096,Reign of the Supermen
780122,Hover
780133,Todos lo saben
780157,Barbie & Her Sisters in the Great Puppy Adventure
780288,Con mis propias manos
780299,Twice Born
780353,Johnny English Strikes Again
780379,"Nutcracker and the Four Realms, The"
780397,Maria Antonieta La Reina Adolescente
780420,Super Troopers 2
780436,Elysium
780478,"Esposos, Amantes Y Amigos"
780492,Gintama
780521,To the Wonder
780530,Little Mermaid
780616,Damascus Cover
780668,Accident
780676,Black Water
780753,Overlord
780768,Trafficked
780770,Wolf Warrior II
780771,"Pacto, El (2018)"
780792,Lukas
780798,Hush Money
780840,Eva
780891,Spinning Man
780952,10x10
780994,Ultimate Rescue: Pups Save the Royal Kitties
781031,Ultimate Rescue: Pups Save a Swamp Creature/Ultimate Rescue: Pups and the Hidden Golden Bones
781039,Tramposos con suerte
781054,"Futuro, El"
781060,Ultimate Rescue: Pups Save the Movie Monster!
781104,Tokyo Ghoul
781107,Casa de Remolienda
781109,Ultimate Rescue: Pups Save a Runaway Stargazer
781122,"Último grumete, El"
781171,Hell Fest
781213,"Angel, El"
781224,American Gangster
781242,Novio Por Una Noche
781243,"Malintzin, la historia de un enigma"
